codigo_identificacao;descricao_original;principio_ativo;concentracao;forma_farmaceutica;motivo
MAC-FF9D11;Aciclovir 10g 50mg/g (5%) creme dermatológico bisnaga;Aciclovir;50mg/g (5%);creme dermatológico;concentração corrigida (tamanho de embalagem != concentração)
MAC-33E53A;Alfapeginterferona 2A 180 mcg;Alfapeginterferona 2A;180 mcg;;quebra automática incerta · via de administração não inferida
MAC-B8F318;Algestona Acetofenida 150 Mg/ml + Enantato De Estradiol 10 Mg/ml;Algestona Acetofenida;150 Mg/ml;;quebra automática incerta · via de administração não inferida
MAC-2D11F7;Amicacina, 2ml sulfato 250mg/ml solução injetável ampola;Amicacina;250mg/ml;solução injetável;concentração corrigida (tamanho de embalagem != concentração)
MAC-BC87C4;Amiodarona, cloridrato 150mg ou 50mg/ml solução injetável ampola 3ml;Amiodarona, cloridrato;50mg/ml;solução injetável;concentração corrigida (tamanho de embalagem != concentração)
MAC-0F061C;Amoxicilina 250mg/5ml (50mg/ml) pó susp.oral frasco 60ml + copo medida/ser dos;Amoxicilina;250mg/5ml;pó;via de administração não inferida
MAC-1ED259;Ampicilina 1g pó liof para solução injetável f/a + ampola diluente 3-5ml;Ampicilina;1g;pó;via de administração não inferida
MAC-2A1D8B;Atracúrio, 5ml besilato 10mg/ml solução injetável ampola;Atracúrio;10mg/ml;solução injetável;concentração corrigida (tamanho de embalagem != concentração)
MAC-05F0A1;Atropina, 1ml sulfato 0,25mg/ml solução injetável ampola;Atropina;0,25mg/ml;solução injetável;concentração corrigida (tamanho de embalagem != concentração)
MAC-5960D4;Azitromicina 600mg (40mg/ml ou 200mg/5ml) pó para susp oral frasco 15ml + seringa dosadora;Azitromicina;40mg/ml;pó;concentração corrigida (tamanho de embalagem != concentração) · via de administração não inferida
MAC-E49A0D;Cal Sodada em galão de 4,3 Kg;Cal Sodada em galão de;4,3 Kg;;quebra automática incerta · via de administração não inferida
MAC-F013E2;Cefalexina 250mg/5ml (50mg/ml) pó para susp.oral frasco 60ml + copo/ser dosador;Cefalexina;250mg/5ml;pó;via de administração não inferida
MAC-3E02D0;Ceftriaxona 1 G pó para solução injetável Im f/a + ampola diluente (lidocaína 1%);Ceftriaxona;1%;pó para solução injetável;concentração corrigida (tamanho de embalagem != concentração)
MAC-BF541C;Cetoconazol bisnaga 30g 2% (20mg/g) creme dermatológico;Cetoconazol bisnaga;2%;creme dermatológico;concentração corrigida (tamanho de embalagem != concentração)
MAC-580F69;Cetoprofeno 2ml 50mg/ml solução injetável Im ampola;Cetoprofeno;50mg/ml;solução injetável;concentração corrigida (tamanho de embalagem != concentração)
MAC-B685F1;Claritromicina pó liof para solução injetável f/a 500mg;Claritromicina;500mg;pó;via de administração não inferida
MAC-A1695C;Clorexidina, digliconato/gliconato 0,2% solução aquosa frasco 100ml;Clorexidina, digliconato/gliconato;0,2%;solução;via de administração não inferida
MAC-CBD89C;Clorexidina, digliconato/gliconato 0,5% solução alcoólica frasco 100ml;Clorexidina, digliconato/gliconato;0,5%;solução;via de administração não inferida
MAC-2A5DB2;Clorexidina, digliconato/gliconato degermante frasco 100ml 4% solução;Clorexidina, digliconato/gliconato degermante frasco;4%;solução;concentração corrigida (tamanho de embalagem != concentração) · via de administração não inferida
MAC-7675EC;Corante Lugol Forte 5% - solução líquida, frasco 1000ml;Corante Lugol Forte;5%;solução;via de administração não inferida
MAC-035D77;Dexametasona 1 mg/ml (0,1%) suspensão oftálmica frasco 5ml;Dexametasona;1 mg/ml (0,1%);suspensão;via de administração não inferida
MAC-6EA56E;Dexametasona bisnaga 10g 1mg/g (1%) creme dermatológico;Dexametasona bisnaga;1mg/g (1%);creme dermatológico;concentração corrigida (tamanho de embalagem != concentração)
MAC-F2C5C9;Dispositivo Intrauterino Plástico Com Cobre (DIU) unidade, modelo T 380 mm2;Dispositivo Intrauterino Plástico Com Cobre (DIU) unidade, modelo T 380 mm2;;;quebra automática incerta · via de administração não inferida
MAC-8D06AF;Dopamina, 10ml cloridrato 5mg/ml solução injetável ampola;Dopamina;5mg/ml;solução injetável;concentração corrigida (tamanho de embalagem != concentração)
MAC-79031C;Enfuvirtida 90mg/ml (T-20);Enfuvirtida;90mg/ml;;quebra automática incerta · via de administração não inferida
MAC-3670F1;Esmolol, 10ml cloridrato 250mg/ml solução injetável ampola;Esmolol;250mg/ml;solução injetável;concentração corrigida (tamanho de embalagem != concentração)
MAC-533C3A;Fenilefrina, 5ml cloridrato 10% solução oftálmica frasco;Fenilefrina;10%;solução oftálmica;concentração corrigida (tamanho de embalagem != concentração)
MAC-EA416A;Filgrastim 1ml 300mcg/ml solução injetável frasco ampola;Filgrastim;300mcg/ml;solução injetável;concentração corrigida (tamanho de embalagem != concentração)
MAC-440F75;Formol 10% frasco 1000ml;Formol;10%;;quebra automática incerta · via de administração não inferida
MAC-226D12;Ganciclovir 1mg/mL sol. bolsa 500ml;Ganciclovir;1mg/mL;;quebra automática incerta · via de administração não inferida
MAC-91559B;Gentamicina, sulfato 80mg (ou 80mg/2ml ou 40mg/ml) solução injetável ampola 2ml;Gentamicina, sulfato;80mg/2ml;solução injetável;concentração corrigida (tamanho de embalagem != concentração)
MAC-A5E0A0;Glicina 15 mg/ml sol irrig urol cx bols pvc x 3000 ml;Glicina;15 mg/ml;;quebra automática incerta · via de administração não inferida
MAC-90B571;Glicosímetro Capilar Para Medida De Glicemia, unidade;Glicosímetro Capilar Para Medida De Glicemia, unidade;;;quebra automática incerta · via de administração não inferida
MAC-8E6BAD;Heparina 5ml Sódica 5.000 UI/ml solução injetável f/a;Heparina;5.000 UI/ml;solução injetável;concentração corrigida (tamanho de embalagem != concentração)
MAC-2338B8;Imipeném monohidratado 500mg + Cilastatina sódica 500mg monovial pó para sol.injetável;Imipeném monohidratado;500mg;pó;via de administração não inferida
MAC-48B3C2;Imunoglobulina Humana 5,0g solução injetável frasco ampola 100ml ou Imunoglobulina Humana Normal 50mg/ml solução injetável f/a 100ml;Imunoglobulina Humana;50mg/ml;solução injetável;concentração corrigida (tamanho de embalagem != concentração)
MAC-C0C437;Lancetas Para Punção Digital, unidade;Lancetas Para Punção Digital, unidade;;;quebra automática incerta · via de administração não inferida
MAC-E1B892;Lidocaína, 30g cloridrato 20mg/g (2%) gel tópico bisnaga;Lidocaína;20mg/g (2%);gel;concentração corrigida (tamanho de embalagem != concentração)
MAC-D801D2;Lopinavir 20mg/ml + Ritonavir (LPV/R) 80mg/ml;Lopinavir;20mg/ml;;quebra automática incerta · via de administração não inferida
MAC-07E316;Medicamentos Homeopáticos Conforme Farmacopeia Homeopática Brasileira 3ª Edição;Medicamentos Homeopáticos Conforme Farmacopeia Homeopática Brasileira 3ª Edição;;;quebra automática incerta · via de administração não inferida
MAC-647178;Medroxiprogesterona, suspensão injetável f/a 1ml acetato 150mg/ml;Medroxiprogesterona;150mg/ml;suspensão injetável;concentração corrigida (tamanho de embalagem != concentração)
MAC-D49FEF;Meio De Contraste De Baixa Osmolaridade Não Iônico frasco 500ml (iobitridol 300mg/ml solução injetável frasco 500ml);Meio De Contraste De Baixa Osmolaridade Não Iônico frasco;300mg/ml;solução injetável;concentração corrigida (tamanho de embalagem != concentração)
MAC-F2F369;Metoclopramida, oral cloridrato 4mg/ml (0,4%) solução frasco 10ml;Metoclopramida, oral cloridrato;4mg/ml (0,4%);solução;via de administração não inferida
MAC-C37CDB;MICONAZOL,nitrato 80g + aplicador 20mg/g (2%) creme vaginal bisnaga;MICONAZOL,nitrato;20mg/g (2%);creme vaginal;concentração corrigida (tamanho de embalagem != concentração)
MAC-D269D8;MICONAZOL,nitrato bisnaga 28/30g 20mg/g (2%) creme dermatológico;MICONAZOL,nitrato bisnaga 28/;20mg/g (2%);creme dermatológico;concentração corrigida (tamanho de embalagem != concentração)
MAC-BD5E2B;Milrinona, 10ml lactato 1mg/ml solução injetável ampola;Milrinona;1mg/ml;solução injetável;concentração corrigida (tamanho de embalagem != concentração)
MAC-F00B47;Neostigmina, metilsulfato 0,5mg/ml ampola 1ml;Neostigmina, metilsulfato;0,5mg/ml;;quebra automática incerta · via de administração não inferida
MAC-1FEEC5;Nicotina 14mg;Nicotina;14mg;;quebra automática incerta · via de administração não inferida
MAC-D204EA;Nicotina 21mg;Nicotina;21mg;;quebra automática incerta · via de administração não inferida
MAC-CC5FFA;Nicotina 7mg;Nicotina;7mg;;quebra automática incerta · via de administração não inferida
MAC-948644;Nitrato De Prata 5g - bastão;Nitrato De Prata;5g;;quebra automática incerta · via de administração não inferida
MAC-064877;Nitroglicerina 10ml 5mg/ml solução injetável ampola;Nitroglicerina;5mg/ml;solução injetável;concentração corrigida (tamanho de embalagem != concentração)
MAC-703756;Nitroprusseto De Sódio 50mg pó liof para injetável + diluente ampola 2ml ou 25mg/ml solução injetável ampola 2ml;Nitroprusseto De Sódio;25mg/ml;pó;concentração corrigida (tamanho de embalagem != concentração) · via de administração não inferida
MAC-627B81;Noretisterona, enantato 50mg + Estradiol, valerato 5mg/ml solução injetável ampola 1ml + seringa;Noretisterona, enantato;5mg/ml;solução injetável;concentração corrigida (tamanho de embalagem != concentração)
MAC-1501D2;Nutrição Parenteral Dupla (sem Lipídeo) - Uso Adulto - bolsa de Np com formulações pré-fabricadas, com concentração fixas de aminoácidos, glicose e eletrólitos, com variedade suficiente para atender pacientes que não podem usar o trato gastrointestinal com alterações metabólicas dos lipídeos, hipometabolismo, insuficiência hepática, insuficiência renal, para administração por via venosa central. Solução de Nutrição Parenteral pré-fabricadas, pronta para o uso em sistema fechado, estéril e apirogência, contendo solução de poliaminoácidos e glicose em bolsa de única ou dupla câmara, relação Kcal/gN entre 80-100, volume final de 1000 – 1300ml, osmolaridade superior a 900 mOsm/litro, para administração central. Devem ser acondicionadas em bolsas de Eva com volume final de 1000 – 1300ml mais volume para preenchimento de equipo de acordo com prescrição médica e Portaria nº272 de 08 de abril de 1998 do Ministério da Saúde.;Nutrição Parenteral Dupla (sem Lipídeo) - Uso Adulto - bolsa de Np com formulações pré-fabricadas, com concentração fixas de aminoácidos, glicose e eletrólitos, com variedade suficiente para atender pacientes que não podem usar o trato gastrointestinal;1300ml;solução;"⚠ PRINCÍPIO ATIVO CORTADO — texto original tinha 398 caracteres (limite do sistema é 255); escolha um nome curto para este item antes de importar · via de administração não inferida"
MAC-646D61;Nutrição Parenteral Tripla Hiperproteica - Uso Adulto – bolsa de Np com formulações pré-fabricadas, com concentrações fixas de aminoácidos, glicose, lipídeos e eletrólitos, com variedade suficiente para atender necessidades especiais de proteínas e lipídeos, que não podem usar o trato gastrointestinal com alterações metabólicas dos lipídeos, hipometabolismo, insuficiência hepática, insuficiência renal, para administração por via venosa central. Solução de Nutrição Parenteral pré-fabricadas, pronta para o uso em sistema fechado, estéril e apirogência, contendo solução de poliaminoácidos (55 a 65 g), lipideos (com 75 a 85% de óleo de oliva) e glicose (100 a 120 g) em bolsa de dupla ou tripla câmara, relação Kcal/gN entre 90-120, volume final de 1000 – 1300ml, osmolaridade superior a 900 mOsm/litro, para administração central. Devem ser acondicionadas em bolsas de Eva com volume final de 1000 – 1300ml mais volume para preenchimento de equipo de acordo com prescrição médica e Portaria nº272 de 08 de abril de 1998 do Ministério da Saúde;Nutrição Parenteral Tripla Hiperproteica - Uso Adulto – bolsa de Np com formulações pré-fabricadas, com concentrações fixas de aminoácidos, glicose, lipídeos e eletrólitos, com variedade suficiente para atender necessidades especiais de proteínas e;85%;solução;"⚠ PRINCÍPIO ATIVO CORTADO — texto original tinha 448 caracteres (limite do sistema é 255); escolha um nome curto para este item antes de importar · concentração corrigida (tamanho de embalagem != concentração) · via de administração não inferida"
MAC-66BEDC;Nutrição Parenteral Uso Adulto - bolsa de Np com formulações pré-fabricadas, concentração fixa de aminoácidos, glicose, lipídios e eletrólitos, com variedade suficiente para atender pacientes que não podem usar o trato gastrointestinal com ou sem alterações metabólicas, hipometabolismo, insuficiência hepática, insuficiência renal, para administração por via venosa central. Solução de Nutrição Parenteral pré-fabricadas, pronta para o uso em sistema fechado, estéril e apirogência, contendo solução de poliaminoácidos, glicose e emulsão lipidica em bolsa de tripla câmara, relação Kcal/gN entre 130-160, volume final de 1000 - 1300ml, osmolaridade superior a 900 mOsm/litro, para administração central. Devem ser acondicionadas em bolsas de Eva com volume final de 1000 – 1300 ml mais volume para preenchimento de equipo de acordo com prescrição médica e Portaria nº272 de 08 de abril de 1998 do Ministério da Saúde.;Nutrição Parenteral Uso Adulto - bolsa de Np com formulações pré-fabricadas, concentração fixa de aminoácidos, glicose, lipídios e eletrólitos, com variedade suficiente para atender pacientes que não podem usar o trato gastrointestinal com ou sem;1300ml;solução;"⚠ PRINCÍPIO ATIVO CORTADO — texto original tinha 375 caracteres (limite do sistema é 255); escolha um nome curto para este item antes de importar · via de administração não inferida"
MAC-62C574;Oleato De Monoetanolamina solução injetável ampola 2ml 50mg/ml;Oleato De Monoetanolamina;50mg/ml;solução injetável;concentração corrigida (tamanho de embalagem != concentração)
MAC-AFE13D;Oxacilina f/a sódica 500mg pó liof.para solução injetável;Oxacilina f/a sódica;500mg;pó;via de administração não inferida
MAC-CB93A0;Piperacilina 4,0g + Tazobactam sódico 0,5G (4,5G) pó liof para solução injetável;Piperacilina;4,0g;pó;via de administração não inferida
MAC-7BDAFD;Plantago (Plantago ovata Forssk.) Pó Para Dispersão Oral Envelope (5 A 6 G);Plantago (Plantago ovata Forssk.);6 G;pó;via de administração não inferida
MAC-E40175;Poliestirenossulfonato De Cálcio 900 mg/g pó oral envelope 30g;Poliestirenossulfonato De Cálcio;900 mg/g;pó;via de administração não inferida
MAC-76A7DC;Ritonavir (RTV) 100mg Pó Suspensão Oral;Ritonavir (RTV);100mg;pó;via de administração não inferida
MAC-B57CA7;Saccharomyces sachê 1g Boulardii 17 200mg pó oral;Saccharomyces sachê;1g;pó;via de administração não inferida
MAC-0B52E3;Sevoflurano 1mg/ml solução inalatória frasco 250ml (port.nº 344/98 Lista C1);Sevoflurano;1mg/ml;solução;via de administração não inferida
MAC-9F30DB;Simeticona 15ml 75mg/ml emulsão/suspensão oral frasco;Simeticona;75mg/ml;emulsão;concentração corrigida (tamanho de embalagem != concentração) · via de administração não inferida
MAC-EED605;Sorbitol 0,027 g/ml + Manitol 0,0054 g/ml solução para irrigação urológica frasco plástico sistema fechado 1000 Ml (ou 27G/1000ml + 5,4G/1000ML);Sorbitol;0,027 g/ml;solução;via de administração não inferida
MAC-DF74B9;Sorbitol 30 mg/ml solução para irrigação urológica frasco plástico sistema fechado 3000;Sorbitol;30 mg/ml;solução;via de administração não inferida
MAC-9F62CC;Sulfato De Bário Contraste copo plast.150ml (sulfato De Bário 100% Ou 1G/ML Suspensão Oral copo plástico 150ml);Sulfato De Bário Contraste copo plast.;100%;suspensão oral;concentração corrigida (tamanho de embalagem != concentração)
MAC-B43363;"Suplemento De Aminoácidos Para Regime Para Crianças (neonatos Pré- Termos E Termos E Bebês) E Crianças Jovens - Frasco de vidro com quantidades adequadas de carboidratos e gorduras como doadores de energia, vitaminas, eletrólitos e oligoelementos. São todos componentes de ocorrência fisiológica natural. Como os aminoácidos derivados da ingestão e assimilação das proteínas dos alimentos, os aminoácidos administrados por via parenteral entram na reserva do organismo de aminoácidos livres e subsequentemente em todas as reações metabólicas. Administrada exclusivamente pela via intravenosa. Pré fabricada em frasco de vidro pronta para uso. Solução de Nutrição Parenteral pré- fabricadas, pronta para o uso em sistema fechado, estéril e apirogência, contendo solução a cada 100ml com isoleucina 0,500-0,670 g; leucina 0,740-1,00 g; lisina 0,660-1,100g; metionina 0,240-0,430 g ; fenilalanina 0,420-0,510g; treonina 0,370-0,440g; triptofano 0,200 g; valina 0,620-0,760g; arginina 0,840-1,200g; histidina 0,300-0,380g ; alanina 0,800-1,40g; glicina 0,400-1,10g; prolina 0,300-1,120g; serina 0,400-0,650 g; tirosina 0,040- 0,045g; taurina 0,060-1,00g; Água para injetáveis; Concentrações variáveis até 100-250ml. A escolha da administração em veia central. O limite aceito para infusão periférica é de aproximadamente 800 mOsm/L; pH 5,5 – 6,0. Volume final 100- 250ml.";Suplemento De Aminoácidos Para Regime Para Crianças (neonatos Pré- Termos E Termos E Bebês) E Crianças Jovens - Frasco de vidro com quantidades adequadas de carboidratos e gorduras como doadores de energia, vitaminas, eletrólitos e oligoelementos. São;100ml;solução;"⚠ PRINCÍPIO ATIVO CORTADO — texto original tinha 642 caracteres (limite do sistema é 255); escolha um nome curto para este item antes de importar"
MAC-576022;Tiras Reagentes De Medida De Glicemia Capilar, lata c/50;Tiras Reagentes De Medida De Glicemia Capilar, lata c/50;;;quebra automática incerta · via de administração não inferida
MAC-5548F9;Tropicamida 5ml 10mg/ml (1% )solução oftálmica frasco;Tropicamida;10mg/ml;solução oftálmica;concentração corrigida (tamanho de embalagem != concentração)
MAC-9708EA;Tuberculina (PPD) 1,5 m;Tuberculina (PPD) 1,5 m;;;quebra automática incerta · via de administração não inferida
MAC-BF166E;Ácido Fólico 0,2mg/ml sol oral frasco 30ml;Ácido Fólico;0,2mg/ml;solução;via de administração não inferida
MAC-730EF6;Ácido Tricloroacético (TCA) 30% - solução aquosa 15ml;Ácido Tricloroacético (TCA);30%;solução;via de administração não inferida
MAC-6C1D29;Ácido Tricloroacético (TCA) 50% - solução aquosa 15ml;Ácido Tricloroacético (TCA);50%;solução;via de administração não inferida
MAC-981F5A;Ácido Tricloroacético (TCA) 70% - solução aquosa 15ml;Ácido Tricloroacético (TCA);70%;solução;via de administração não inferida
MAC-49AADE;Ácido Tricloroacético (TCA) 90% - solução aquosa 15ml;Ácido Tricloroacético (TCA);90%;solução;via de administração não inferida
MAC-1EF843;Álcool Etílico 70% solução frasco 1000ml Medicamento de Notificação Simplificada Rdc Anvisa Nº199/06 (atual.RDC107/2016) - Uso;Álcool Etílico;70%;solução;via de administração não inferida
MAC-6B3996;Óleo Mineral Puro (Petrolato líquido) frasco 100ml;Óleo Mineral Puro (Petrolato;100ml;líquido;via de administração não inferida
